,AUC,AP
common_neighbors,0.9678497291711212,0.9878008541878893
jaccard_coefficient,0.9671430950514337,0.9877212628410654
adamic_adar,0.9683482503029007,0.9881096767385974
resource_allocation,0.9685656771909819,0.9882022285032415
preferential_attachment,0.840973299598508,0.9536364721076636
gcn,0.7482829849332002,0.7594259718816174
graphsage,0.7677145724471123,0.7759351066241087
gat,0.6668120346530626,0.6538411575453277
